category,job_id,n_candidates,n_relevant,tfidf_top_resume_id,semantic_top_resume_id,hybrid_top_resume_id,tfidf_top_label,semantic_top_label,hybrid_top_label,failing_model,wrong_top_semantic_similarity,wrong_top_required_skill_count,wrong_top_required_skill_coverage,wrong_top_missing_required_skill_count,wrong_top_experience_match,wrong_top_experience_gap,wrong_top_responsibility_similarity,wrong_top_responsibilities_from_section,relevant_mean_required_coverage,relevant_mean_semantic,tag_missing_required_skill,tag_semantic_similarity_despite_missing_requirement,tag_responsibility_mismatch,tag_terminology_mismatch,tag_experience_mismatch,tag_generic_job_boilerplate,tag_insufficient_requirement_or_candidate_evidence,example
A_tfidf_ok_bge_fails,121bb95534e4,5,4,5b64f4934b3b,522bad2a7ed6,3dfc99b6ba97,Potential Fit,No Fit,Potential Fit,semantic,0.695191,0,0.0,0,,,0.60537,False,0.0,0.654697,False,False,True,True,False,True,True,True
A_tfidf_ok_bge_fails,1b4aa98f6543,3,1,010c7f309b74,a52294f143ae,010c7f309b74,Potential Fit,No Fit,Potential Fit,semantic,0.608086,6,0.0,6,,,0.542015,False,0.333333,0.58722,True,True,False,True,False,True,True,True
A_tfidf_ok_bge_fails,1f506269424f,3,2,010c7f309b74,1d07257e881a,010c7f309b74,Good Fit,No Fit,Good Fit,semantic,0.678849,8,0.25,6,,,0.538431,True,0.1875,0.63953,True,True,False,False,False,False,True,True
A_tfidf_ok_bge_fails,20935defdc79,10,9,9fa4b6cf2dd9,4c7420b265d7,4c7420b265d7,Potential Fit,No Fit,No Fit,semantic,0.70056,21,0.142857,18,,,0.591298,True,0.169312,0.659142,True,True,True,True,False,False,True,False
A_tfidf_ok_bge_fails,2c3de36388f0,3,1,a28de2da2c2b,84dcf4afc78c,84dcf4afc78c,Potential Fit,No Fit,No Fit,semantic,0.575966,3,0.333333,2,1.0,0.0,0.550201,False,0.333333,0.559718,True,True,True,True,False,True,False,False
A_tfidf_ok_bge_fails,505a04ba1816,3,2,90477e002eb6,4c7420b265d7,4c7420b265d7,Good Fit,No Fit,No Fit,semantic,0.655496,0,0.0,0,0.184,4.08,0.582872,True,0.0,0.63293,False,False,False,False,True,False,True,False
A_tfidf_ok_bge_fails,6b4cfeeeadea,9,2,010c7f309b74,4c7420b265d7,010c7f309b74,Good Fit,No Fit,Good Fit,semantic,0.670023,6,0.166667,5,0.131429,6.08,0.615323,True,0.0,0.627776,True,True,False,False,True,False,False,False
A_tfidf_ok_bge_fails,8b0ff9aeb55d,12,5,ef216f76421d,b0d444003cf7,8e5888c7c27b,Good Fit,No Fit,Potential Fit,semantic,0.705743,1,0.0,1,0.883,1.17,0.564508,False,0.2,0.663457,True,True,False,False,True,True,False,False
A_tfidf_ok_bge_fails,ae68cab2fef2,5,3,84cefd12f2b6,5cbadc17628d,5cbadc17628d,Good Fit,No Fit,No Fit,semantic,0.746858,14,0.714286,4,0.9,0.5,0.623853,True,0.119048,0.678572,True,True,True,False,True,False,False,False
A_tfidf_ok_bge_fails,aea2db14e25c,8,4,bdc270cf986a,8d964638466a,8d964638466a,Potential Fit,No Fit,No Fit,semantic,0.694954,1,1.0,0,0.761429,1.67,0.588762,False,0.5,0.653841,False,False,True,True,True,True,False,False
A_tfidf_ok_bge_fails,b6230865839d,5,1,84cefd12f2b6,5cbadc17628d,5cbadc17628d,Potential Fit,No Fit,No Fit,semantic,0.678613,0,0.0,0,1.0,0.0,0.560992,False,0.0,0.66319,False,False,False,False,False,True,True,False
A_tfidf_ok_bge_fails,b79ea79f64f8,10,4,144d3d89305c,ae4686efa894,144d3d89305c,Potential Fit,No Fit,Potential Fit,semantic,0.682068,10,0.3,7,0.22875,6.17,0.579156,True,0.475,0.641724,True,True,False,False,True,False,False,False
A_tfidf_ok_bge_fails,ce087bff3370,6,2,90477e002eb6,90c05be1c789,90c05be1c789,Potential Fit,No Fit,No Fit,semantic,0.739196,1,0.0,1,1.0,0.0,0.541708,False,0.0,0.639507,True,True,False,False,True,True,False,False
A_tfidf_ok_bge_fails,cfe7402e0c46,4,2,5b641fc02b7d,19a0b16de5ab,5b641fc02b7d,Potential Fit,No Fit,Potential Fit,semantic,0.681091,2,0.0,2,,,,False,0.25,0.669697,True,True,False,False,False,True,True,False
A_tfidf_ok_bge_fails,d9db974b8638,5,1,90477e002eb6,e056f6caed51,e056f6caed51,Potential Fit,No Fit,No Fit,semantic,0.687349,2,0.5,1,0.43,3.42,0.554566,False,0.0,0.63297,True,True,False,False,True,True,False,False
A_tfidf_ok_bge_fails,fc086773a9f8,5,3,010c7f309b74,1d07257e881a,1d07257e881a,Good Fit,No Fit,No Fit,semantic,0.587225,0,0.0,0,,,0.573054,True,0.0,0.544973,False,False,False,False,False,False,True,False
A_tfidf_ok_bge_fails,fc095e331f80,9,5,48077f8595ab,0dee9d37d6b6,0dee9d37d6b6,Potential Fit,No Fit,No Fit,semantic,0.7035,0,0.0,0,0.85375,1.17,0.543513,False,0.0,0.653399,False,False,False,False,True,True,True,False
B_bge_ok_tfidf_fails,0048c170bcec,4,1,19a0b16de5ab,1d07257e881a,1d07257e881a,No Fit,Potential Fit,Potential Fit,tfidf,0.594358,11,0.0,11,1.0,0.0,0.581069,True,0.090909,0.7117,True,False,False,True,True,False,False,True
B_bge_ok_tfidf_fails,155aab1f3316,9,3,bdc270cf986a,7a44394bb34e,bdc270cf986a,No Fit,Potential Fit,No Fit,tfidf,0.638748,2,0.5,1,0.617,3.83,,False,0.0,0.635714,True,True,False,False,True,True,False,True
B_bge_ok_tfidf_fails,1b560ff9a27c,4,1,b9f36676a562,19a0b16de5ab,19a0b16de5ab,No Fit,Potential Fit,Potential Fit,tfidf,0.58866,2,0.0,2,,,0.581294,True,0.0,0.674683,True,False,True,True,False,False,True,True
B_bge_ok_tfidf_fails,236f48d9f371,7,4,a28de2da2c2b,bdc270cf986a,bdc270cf986a,No Fit,Potential Fit,Potential Fit,tfidf,0.626387,2,1.0,0,0.916667,0.5,0.527295,False,0.625,0.604386,False,False,True,False,True,True,False,False
B_bge_ok_tfidf_fails,256adc117895,12,6,a52294f143ae,9271a00d9003,9271a00d9003,No Fit,Good Fit,Good Fit,tfidf,0.647634,2,0.5,1,0.383,6.17,0.640558,True,0.666667,0.672847,True,False,True,True,True,False,False,False
B_bge_ok_tfidf_fails,25b80d939833,20,8,818a20287b6a,e6a700c8462a,e6a700c8462a,No Fit,Good Fit,Good Fit,tfidf,0.545438,0,0.0,0,1.0,0.0,0.571594,True,0.0,0.623181,False,False,False,True,True,False,True,False
B_bge_ok_tfidf_fails,386978dec6bc,17,8,a52294f143ae,0a39bf686dec,0a39bf686dec,No Fit,Good Fit,Good Fit,tfidf,0.688941,3,0.333333,2,0.1915,16.17,0.712026,True,0.5,0.657843,True,True,True,True,True,False,False,False
B_bge_ok_tfidf_fails,3f73831e96aa,8,4,1d07257e881a,8d964638466a,8d964638466a,No Fit,Potential Fit,Potential Fit,tfidf,0.696345,14,0.214286,11,0.1,4.5,0.570217,False,0.25,0.68452,True,True,False,False,True,True,False,False
B_bge_ok_tfidf_fails,4c6e7eba3263,3,1,b82af9593c6e,522bad2a7ed6,b82af9593c6e,No Fit,Potential Fit,No Fit,tfidf,0.634017,3,0.333333,2,1.0,0.0,0.535132,True,0.0,0.657774,True,True,False,True,True,False,False,False
B_bge_ok_tfidf_fails,4f218377e2b3,2,1,7a44394bb34e,522bad2a7ed6,522bad2a7ed6,No Fit,Potential Fit,Potential Fit,tfidf,0.584756,4,0.25,3,0.0,5.0,0.628915,True,0.25,0.668716,True,False,False,True,True,False,False,False
B_bge_ok_tfidf_fails,613621ee041a,6,4,5b641fc02b7d,48077f8595ab,48077f8595ab,No Fit,Good Fit,Good Fit,tfidf,0.663311,1,0.0,1,0.547143,3.17,0.701312,True,0.0,0.618989,True,True,True,False,True,False,False,False
B_bge_ok_tfidf_fails,62a984d77d48,2,1,f01fdd6b0128,b0d444003cf7,b0d444003cf7,No Fit,Potential Fit,Potential Fit,tfidf,0.564894,1,0.0,1,0.861667,0.83,0.607781,False,0.0,0.648424,True,False,True,True,False,True,False,False
B_bge_ok_tfidf_fails,6b3839bb93ad,2,1,e056f6caed51,84cefd12f2b6,84cefd12f2b6,No Fit,Potential Fit,Potential Fit,tfidf,0.720831,0,0.0,0,0.645,1.42,0.60724,True,0.0,0.724669,False,False,False,True,False,False,True,False
B_bge_ok_tfidf_fails,8859b2606904,3,1,48077f8595ab,522bad2a7ed6,522bad2a7ed6,No Fit,Potential Fit,Potential Fit,tfidf,0.570134,4,0.25,3,1.0,0.0,0.577479,False,0.0,0.689735,True,False,False,False,True,True,False,False
B_bge_ok_tfidf_fails,9015dbb5ba34,2,1,19a0b16de5ab,0dee9d37d6b6,0dee9d37d6b6,No Fit,Potential Fit,Potential Fit,tfidf,0.640595,5,0.2,4,,,0.557246,False,0.2,0.696802,True,False,False,True,False,True,True,False
B_bge_ok_tfidf_fails,a266bb73d58a,3,1,0b6c224cd943,e056f6caed51,0b6c224cd943,No Fit,Potential Fit,No Fit,tfidf,0.605134,0,0.0,0,1.0,0.0,0.59876,True,0.0,0.614648,False,False,True,False,True,False,True,False
B_bge_ok_tfidf_fails,ab547b5c9dad,4,1,601171283294,522bad2a7ed6,522bad2a7ed6,No Fit,Potential Fit,Potential Fit,tfidf,0.618553,6,0.166667,5,0.8325,0.67,0.586511,True,0.0,0.710717,True,False,True,False,True,False,False,False
B_bge_ok_tfidf_fails,b854627567a1,2,1,89572b5a489d,522bad2a7ed6,522bad2a7ed6,No Fit,Potential Fit,Potential Fit,tfidf,0.601741,4,0.0,4,,,,False,0.25,0.698613,True,False,False,True,False,True,True,False
B_bge_ok_tfidf_fails,bc72b00d95b6,10,5,010c7f309b74,9fa4b6cf2dd9,9fa4b6cf2dd9,No Fit,Potential Fit,Potential Fit,tfidf,0.639564,0,0.0,0,0.78125,1.75,0.581585,True,0.0,0.632696,False,False,True,False,True,False,True,False
B_bge_ok_tfidf_fails,cc8d5d4a2093,15,4,9fa4b6cf2dd9,c3eea9b9b8b0,c3eea9b9b8b0,No Fit,Potential Fit,Potential Fit,tfidf,0.694198,5,0.4,3,0.528,7.08,0.578272,True,0.1,0.685674,True,True,True,False,True,False,False,False
B_bge_ok_tfidf_fails,cdbc60f8daee,11,5,010c7f309b74,9fa4b6cf2dd9,9fa4b6cf2dd9,No Fit,Potential Fit,Potential Fit,tfidf,0.694319,1,0.0,1,1.0,0.0,0.690122,True,0.8,0.691116,True,True,True,True,False,False,False,False
B_bge_ok_tfidf_fails,d74515aabf7d,12,4,84cefd12f2b6,f2dce57c1cd7,0dee9d37d6b6,No Fit,Potential Fit,No Fit,tfidf,0.62799,8,0.375,5,0.658,3.42,0.619493,True,0.3125,0.665477,True,False,True,True,True,False,False,False
B_bge_ok_tfidf_fails,d92868363577,7,3,c44268904ed4,e056f6caed51,e056f6caed51,No Fit,Good Fit,Good Fit,tfidf,0.615125,0,0.0,0,,,0.607836,True,0.0,0.629853,False,False,True,True,False,False,True,False
B_bge_ok_tfidf_fails,f2b519f794c7,12,7,010c7f309b74,d325e23a4cbc,d325e23a4cbc,No Fit,Potential Fit,Potential Fit,tfidf,0.666463,0,0.0,0,1.0,0.0,0.626713,True,0.0,0.686182,False,False,True,True,True,False,True,False
B_bge_ok_tfidf_fails,f7ea7f0d3002,2,1,46dd6b6fcd4c,522bad2a7ed6,522bad2a7ed6,No Fit,Potential Fit,Potential Fit,tfidf,0.565962,2,0.5,1,1.0,0.0,0.547721,False,0.0,0.63815,True,False,False,True,True,True,False,False
C_hybrid_ok_bge_fails,121bb95534e4,5,4,5b64f4934b3b,522bad2a7ed6,3dfc99b6ba97,Potential Fit,No Fit,Potential Fit,semantic,0.695191,0,0.0,0,,,0.60537,False,0.0,0.654697,False,False,True,True,False,True,True,True
C_hybrid_ok_bge_fails,1b4aa98f6543,3,1,010c7f309b74,a52294f143ae,010c7f309b74,Potential Fit,No Fit,Potential Fit,semantic,0.608086,6,0.0,6,,,0.542015,False,0.333333,0.58722,True,True,False,True,False,True,True,True
C_hybrid_ok_bge_fails,1de6a4f1ab97,3,1,1d07257e881a,ae4686efa894,19a0b16de5ab,No Fit,No Fit,Potential Fit,semantic,0.667903,1,0.0,1,,,0.556107,False,1.0,0.659263,True,True,False,False,False,True,True,True
C_hybrid_ok_bge_fails,1f506269424f,3,2,010c7f309b74,1d07257e881a,010c7f309b74,Good Fit,No Fit,Good Fit,semantic,0.678849,8,0.25,6,,,0.538431,True,0.1875,0.63953,True,True,False,False,False,False,True,False
C_hybrid_ok_bge_fails,2e4e089b5ac7,11,4,818a20287b6a,d1f6ce313056,65ba6067c4b1,No Fit,No Fit,Potential Fit,semantic,0.636786,5,0.0,5,1.0,0.0,0.598332,True,0.05,0.614373,True,True,False,False,True,False,False,False
C_hybrid_ok_bge_fails,6b4cfeeeadea,9,2,010c7f309b74,4c7420b265d7,010c7f309b74,Good Fit,No Fit,Good Fit,semantic,0.670023,6,0.166667,5,0.131429,6.08,0.615323,True,0.0,0.627776,True,True,False,False,True,False,False,False
C_hybrid_ok_bge_fails,77f71b61c082,15,9,19a0b16de5ab,0dee9d37d6b6,bdc270cf986a,No Fit,No Fit,Good Fit,semantic,0.731228,1,0.0,1,,,0.58595,False,0.333333,0.666958,True,True,True,False,False,True,True,False
C_hybrid_ok_bge_fails,78fee8bed05e,7,3,1d07257e881a,1d07257e881a,d325e23a4cbc,No Fit,No Fit,Potential Fit,semantic,0.695788,1,0.0,1,0.071429,6.5,0.54945,True,0.0,0.6472,True,True,True,False,True,False,False,False
C_hybrid_ok_bge_fails,7bb6272c3211,5,1,90477e002eb6,4c7420b265d7,010c7f309b74,No Fit,No Fit,Potential Fit,semantic,0.71564,1,0.0,1,0.131429,6.08,0.566335,True,0.0,0.688813,True,True,False,False,True,False,False,False
C_hybrid_ok_bge_fails,8b0ff9aeb55d,12,5,ef216f76421d,b0d444003cf7,8e5888c7c27b,Good Fit,No Fit,Potential Fit,semantic,0.705743,1,0.0,1,0.883,1.17,0.564508,False,0.2,0.663457,True,True,False,False,True,True,False,False
C_hybrid_ok_bge_fails,9e47116c4f45,10,3,144d3d89305c,522bad2a7ed6,943e09553ae6,No Fit,No Fit,Potential Fit,semantic,0.602309,3,0.333333,2,,,0.52938,False,0.555556,0.559649,True,True,True,False,False,True,True,False
C_hybrid_ok_bge_fails,b79ea79f64f8,10,4,144d3d89305c,ae4686efa894,144d3d89305c,Potential Fit,No Fit,Potential Fit,semantic,0.682068,10,0.3,7,0.22875,6.17,0.579156,True,0.475,0.641724,True,True,False,False,True,False,False,False
C_hybrid_ok_bge_fails,cfe7402e0c46,4,2,5b641fc02b7d,19a0b16de5ab,5b641fc02b7d,Potential Fit,No Fit,Potential Fit,semantic,0.681091,2,0.0,2,,,,False,0.25,0.669697,True,True,False,False,False,True,True,False
C_hybrid_ok_bge_fails,fc57c4cfac8c,14,10,010c7f309b74,010c7f309b74,9fa4b6cf2dd9,No Fit,No Fit,Good Fit,semantic,0.753068,17,0.235294,13,,,0.797896,True,0.2,0.679071,True,True,True,True,False,False,True,False
D_bge_ok_hybrid_fails,155aab1f3316,9,3,bdc270cf986a,7a44394bb34e,bdc270cf986a,No Fit,Potential Fit,No Fit,hybrid,0.638748,2,0.5,1,0.617,3.83,,False,0.0,0.635714,True,True,False,False,True,True,False,True
D_bge_ok_hybrid_fails,353fe8d3d48a,6,4,a52294f143ae,0dee9d37d6b6,c160a61ae662,Potential Fit,Potential Fit,No Fit,hybrid,0.666772,3,0.666667,1,,,0.523383,False,0.166667,0.646174,True,True,False,True,False,True,True,True
D_bge_ok_hybrid_fails,4c6e7eba3263,3,1,b82af9593c6e,522bad2a7ed6,b82af9593c6e,No Fit,Potential Fit,No Fit,hybrid,0.634017,3,0.333333,2,1.0,0.0,0.535132,True,0.0,0.657774,True,True,False,True,True,False,False,True
D_bge_ok_hybrid_fails,4fb3cab336fb,15,9,28d9a7871a2a,a43618cb6f69,d1f6ce313056,Good Fit,Good Fit,No Fit,hybrid,0.662722,1,1.0,0,1.0,0.0,0.537959,False,0.0,0.658294,False,False,False,True,True,True,False,False
D_bge_ok_hybrid_fails,a266bb73d58a,3,1,0b6c224cd943,e056f6caed51,0b6c224cd943,No Fit,Potential Fit,No Fit,hybrid,0.605134,0,0.0,0,1.0,0.0,0.59876,True,0.0,0.614648,False,False,True,False,True,False,True,False
D_bge_ok_hybrid_fails,d74515aabf7d,12,4,84cefd12f2b6,f2dce57c1cd7,0dee9d37d6b6,No Fit,Potential Fit,No Fit,hybrid,0.668274,8,0.375,5,0.683,3.17,0.676205,True,0.3125,0.665477,True,True,True,True,True,False,False,False
E_all_fail,0cf4d649ae6d,15,8,e056f6caed51,0b6c224cd943,0b6c224cd943,No Fit,No Fit,No Fit,hybrid,0.666505,1,0.0,1,,,0.638506,False,0.0,0.600461,True,True,True,True,False,True,True,True
E_all_fail,15aa51f3c370,2,1,41378e192aa6,41378e192aa6,41378e192aa6,No Fit,No Fit,No Fit,hybrid,0.612987,1,0.0,1,,,0.592318,False,0.0,0.598423,True,True,True,False,False,True,True,True
E_all_fail,1f4faad6e60c,5,2,5cbadc17628d,5cbadc17628d,5cbadc17628d,No Fit,No Fit,No Fit,hybrid,0.733525,3,0.666667,1,,,0.516771,False,0.166667,0.668143,True,True,True,False,False,True,True,True
E_all_fail,23165420d868,3,2,4c7420b265d7,4c7420b265d7,4c7420b265d7,No Fit,No Fit,No Fit,hybrid,0.588599,0,0.0,0,0.184,4.08,0.560441,False,0.0,0.571865,False,False,False,False,True,True,True,False
E_all_fail,2db497224fb1,11,2,19a0b16de5ab,0dee9d37d6b6,14c74898860f,No Fit,No Fit,No Fit,hybrid,0.763148,6,0.333333,4,1.0,0.0,0.593026,True,0.25,0.736552,True,True,False,False,False,False,False,False
E_all_fail,30914f6fdf21,12,7,5cbadc17628d,5cbadc17628d,5cbadc17628d,No Fit,No Fit,No Fit,hybrid,0.764227,4,0.5,2,0.5625,3.5,0.562186,False,0.214286,0.680274,True,True,True,False,True,True,False,False
E_all_fail,32c5799fc8ae,6,2,1d07257e881a,1d07257e881a,1d07257e881a,No Fit,No Fit,No Fit,hybrid,0.654792,9,0.222222,7,0.071429,6.5,0.572465,True,0.055556,0.592952,True,True,False,True,True,False,False,False
E_all_fail,3fee8189e3b4,2,1,5cbadc17628d,5cbadc17628d,5cbadc17628d,No Fit,No Fit,No Fit,hybrid,0.616844,10,0.9,1,0.9,0.5,0.530969,False,0.0,0.572957,True,True,True,False,True,True,False,False
E_all_fail,436b1cf60b4b,3,1,4c7420b265d7,4c7420b265d7,4c7420b265d7,No Fit,No Fit,No Fit,hybrid,0.781745,4,0.25,3,,,0.596566,True,0.0,0.689756,True,True,True,False,False,False,True,False
E_all_fail,4a9a077f10e1,6,2,5b641fc02b7d,5b641fc02b7d,5b641fc02b7d,No Fit,No Fit,No Fit,hybrid,0.686951,8,0.375,5,0.547143,3.17,0.673772,True,0.1875,0.64741,True,True,True,False,True,False,False,False
E_all_fail,4fda275b2737,15,2,8d964638466a,9fa4b6cf2dd9,9fa4b6cf2dd9,No Fit,No Fit,No Fit,hybrid,0.681664,1,0.0,1,,,0.59805,False,0.0,0.645136,True,True,False,False,False,True,True,False
E_all_fail,5185d3d45f6c,5,3,5cbadc17628d,5cbadc17628d,5cbadc17628d,No Fit,No Fit,No Fit,hybrid,0.739903,10,0.8,2,,,0.603392,False,0.366667,0.658139,True,True,True,False,False,True,True,False
E_all_fail,5415bd613235,9,5,5cbadc17628d,5cbadc17628d,84cefd12f2b6,No Fit,No Fit,No Fit,hybrid,0.66044,8,0.625,3,0.8225,1.42,0.661657,True,0.3,0.622678,True,True,True,False,True,False,False,False
E_all_fail,57720105064a,13,3,bdc270cf986a,0dee9d37d6b6,0dee9d37d6b6,No Fit,No Fit,No Fit,hybrid,0.672808,0,0.0,0,,,0.583545,False,0.0,0.619959,False,False,False,True,False,True,True,False
E_all_fail,648a0a5334dd,5,4,4c7420b265d7,4c7420b265d7,4c7420b265d7,No Fit,No Fit,No Fit,hybrid,0.76492,1,0.0,1,,,0.584584,False,0.0,0.649401,True,True,True,False,False,True,True,False
E_all_fail,662384429eab,14,4,067457f44d54,0dee9d37d6b6,0b6c224cd943,No Fit,No Fit,No Fit,hybrid,0.645748,3,0.666667,1,0.604167,4.75,0.591979,True,0.0,0.626788,True,True,True,False,True,False,False,False
E_all_fail,690cc401b061,3,1,8d964638466a,601171283294,601171283294,No Fit,No Fit,No Fit,hybrid,0.582795,0,0.0,0,,,0.543214,False,0.0,0.554848,False,False,False,False,False,True,True,False
E_all_fail,696ecaba8353,12,7,e056f6caed51,010c7f309b74,010c7f309b74,No Fit,No Fit,No Fit,hybrid,0.678009,6,0.333333,4,0.625,3.75,0.649786,True,0.166667,0.601861,True,True,True,True,True,False,False,False
E_all_fail,7655b0b508a5,12,6,5cbadc17628d,5cbadc17628d,5cbadc17628d,No Fit,No Fit,No Fit,hybrid,0.782855,0,0.0,0,0.5625,3.5,,False,0.0,0.6929,False,False,False,False,True,True,True,False
E_all_fail,7668e8bd8d3b,3,2,19a0b16de5ab,19a0b16de5ab,19a0b16de5ab,No Fit,No Fit,No Fit,hybrid,0.651045,3,0.333333,2,0.8,1.0,0.57451,False,0.833333,0.617036,True,True,True,False,True,True,False,False
E_all_fail,785eafe853d0,6,2,4c7420b265d7,b0d444003cf7,b0d444003cf7,No Fit,No Fit,No Fit,hybrid,0.597847,7,0.0,7,1.0,0.0,0.543452,True,0.071429,0.537372,True,True,False,False,True,False,False,False
E_all_fail,821648eaa49c,6,2,e056f6caed51,e056f6caed51,e056f6caed51,No Fit,No Fit,No Fit,hybrid,0.717086,8,0.5,4,,,0.580455,True,0.1875,0.630279,True,True,False,False,False,False,True,False
E_all_fail,97de12426af9,12,1,bdc270cf986a,c44268904ed4,c44268904ed4,No Fit,No Fit,No Fit,hybrid,0.715465,7,0.142857,6,0.867,1.33,0.541771,False,0.0,0.684453,True,True,False,False,True,True,False,False
E_all_fail,b354c165795a,5,4,f01fdd6b0128,f01fdd6b0128,f01fdd6b0128,No Fit,No Fit,No Fit,hybrid,0.767018,0,0.0,0,,,0.651457,False,0.0,0.654346,False,False,True,True,False,True,True,False
E_all_fail,bb82c3a81425,6,2,90477e002eb6,010c7f309b74,010c7f309b74,No Fit,No Fit,No Fit,hybrid,0.724617,9,0.444444,5,0.78125,1.75,0.583411,False,0.277778,0.688589,True,True,True,True,True,True,False,False
E_all_fail,c45bbf786081,5,2,27f8a03b2934,27f8a03b2934,27f8a03b2934,No Fit,No Fit,No Fit,hybrid,0.75127,8,0.125,7,1.0,0.0,0.605207,False,0.3125,0.63208,True,True,True,False,True,True,False,False
E_all_fail,c7d3f2e8477d,7,2,84cefd12f2b6,84cefd12f2b6,84cefd12f2b6,No Fit,No Fit,No Fit,hybrid,0.702228,4,0.75,1,,,0.635183,False,0.0,0.559451,True,True,True,False,False,True,True,False
E_all_fail,ccf4f2a4a4b0,4,1,8e5888c7c27b,1d07257e881a,8e5888c7c27b,No Fit,No Fit,No Fit,hybrid,0.672781,0,0.0,0,0.486667,3.08,0.571658,False,0.0,0.637532,False,False,False,True,False,True,True,False
E_all_fail,ce7f82f99470,9,3,818a20287b6a,b0d444003cf7,b0d444003cf7,No Fit,No Fit,No Fit,hybrid,0.789505,2,0.0,2,0.883,1.17,0.698785,True,0.0,0.66881,True,True,True,True,True,False,False,False
E_all_fail,e9d33ed525c4,11,7,010c7f309b74,e056f6caed51,e056f6caed51,No Fit,No Fit,No Fit,hybrid,0.726231,14,0.428571,8,0.3225,5.42,0.577061,False,0.142857,0.649908,True,True,True,False,True,True,False,False
