repetition,model,mrr,map,ndcg@5,ndcg@10,p@1,p@5,accuracy,macro_f1,jobs_eligible
0,tfidf,0.808087,0.761443,0.770096,0.822377,0.664634,0.549085,0.451342,0.415826,167
0,semantic,0.830996,0.792635,0.799431,0.841342,0.707317,0.553963,0.42953,0.39678,167
0,hybrid,0.854573,0.802897,0.814193,0.852149,0.737805,0.566159,0.454698,0.403693,167
0,random,0.737181,0.693773,0.723485,0.776937,0.542043,0.538884,,,167
1,tfidf,0.774534,0.722875,0.756198,0.807274,0.618497,0.546724,0.41874,0.397522,178
1,semantic,0.780684,0.737321,0.761704,0.816125,0.630058,0.543256,0.477612,0.397811,178
1,hybrid,0.819323,0.764388,0.786642,0.838937,0.693642,0.549037,0.453566,0.396816,178
1,random,0.726099,0.681498,0.71528,0.777095,0.527254,0.526782,,,178
2,tfidf,0.772907,0.736654,0.735065,0.804452,0.594203,0.554469,0.454852,0.415738,141
2,semantic,0.786488,0.74356,0.739749,0.811823,0.637681,0.566063,0.481013,0.422387,141
2,hybrid,0.794827,0.749484,0.742633,0.819246,0.644928,0.555918,0.483544,0.378762,141
2,random,0.721267,0.67279,0.674083,0.759451,0.525616,0.52665,,,141
3,tfidf,0.790038,0.755151,0.775684,0.829474,0.62963,0.534259,0.459209,0.400447,168
3,semantic,0.840861,0.813556,0.822824,0.869661,0.734568,0.539198,0.452481,0.416105,168
3,hybrid,0.844572,0.820203,0.830863,0.874489,0.746914,0.544136,0.487805,0.442798,168
3,random,0.719359,0.685299,0.71797,0.777556,0.518241,0.516858,,,168
4,tfidf,0.798344,0.773217,0.764909,0.8324,0.682119,0.544923,0.416457,0.396354,155
4,semantic,0.793677,0.767363,0.758026,0.82188,0.682119,0.544923,0.462636,0.4277,155
4,hybrid,0.805435,0.778421,0.770388,0.827923,0.688742,0.555519,0.442485,0.409168,155
4,random,0.728652,0.685611,0.704542,0.774868,0.535762,0.537903,,,155
