repetition,stage,mrr,map,ndcg@5,ndcg@10,p@1,p@5,accuracy,macro_f1,jobs_eligible
0,A_semantic_only,0.835061,0.793215,0.799938,0.841773,0.713415,0.553963,0.42953,0.39678,167
0,B_+required_skills,0.812398,0.775351,0.781847,0.830574,0.664634,0.549085,0.432886,0.399767,167
0,C_+preferred_skills,0.821545,0.779308,0.790447,0.835368,0.682927,0.555183,0.443792,0.404151,167
0,D_+experience,0.830183,0.786376,0.793985,0.84134,0.70122,0.552744,0.45302,0.394629,167
0,E_+responsibilities,0.838516,0.794677,0.802423,0.847042,0.713415,0.560061,0.46896,0.413364,167
0,F_final,0.854573,0.802897,0.814193,0.852149,0.737805,0.566159,0.454698,0.403693,167
1,A_semantic_only,0.777794,0.735876,0.760433,0.814854,0.624277,0.543256,0.477612,0.397811,178
1,B_+required_skills,0.780684,0.735855,0.755762,0.815455,0.630058,0.534008,0.451078,0.400168,178
1,C_+preferred_skills,0.788873,0.743154,0.760973,0.821883,0.647399,0.532852,0.440299,0.374446,178
1,D_+experience,0.811513,0.75858,0.782274,0.833562,0.676301,0.547881,0.45937,0.410777,178
1,E_+responsibilities,0.8015,0.759361,0.783053,0.832021,0.653179,0.552505,0.458541,0.407126,178
1,F_final,0.819323,0.764388,0.786642,0.838937,0.693642,0.549037,0.453566,0.396816,178
2,A_semantic_only,0.793734,0.745372,0.741927,0.813944,0.652174,0.566063,0.481013,0.422387,141
2,B_+required_skills,0.734113,0.718743,0.710101,0.7902,0.550725,0.55157,0.448101,0.41008,141
2,C_+preferred_skills,0.732905,0.719185,0.711567,0.790457,0.550725,0.553019,0.458228,0.419964,141
2,D_+experience,0.758026,0.728097,0.724839,0.800293,0.586957,0.555918,0.460759,0.412159,141
2,E_+responsibilities,0.737575,0.720301,0.71678,0.790844,0.543478,0.558816,0.474262,0.410456,141
2,F_final,0.794827,0.749484,0.742633,0.819246,0.644928,0.555918,0.483544,0.378762,141
3,A_semantic_only,0.840861,0.813556,0.822824,0.869661,0.734568,0.539198,0.452481,0.416105,168
3,B_+required_skills,0.835055,0.805588,0.81925,0.865723,0.722222,0.540432,0.472666,0.42175,168
3,C_+preferred_skills,0.830117,0.806021,0.818193,0.865466,0.716049,0.540432,0.4836,0.43281,168
3,D_+experience,0.838495,0.811151,0.827453,0.869699,0.728395,0.546605,0.476871,0.432117,168
3,E_+responsibilities,0.847967,0.820053,0.83449,0.87624,0.753086,0.546605,0.471825,0.428153,168
3,F_final,0.844572,0.820203,0.830863,0.874489,0.746914,0.544136,0.487805,0.442798,168
4,A_semantic_only,0.793677,0.767363,0.758026,0.82188,0.682119,0.544923,0.462636,0.4277,155
4,B_+required_skills,0.795611,0.771293,0.762129,0.823734,0.668874,0.546247,0.433249,0.405251,155
4,C_+preferred_skills,0.782918,0.767927,0.758951,0.819128,0.649007,0.548896,0.439127,0.413805,155
4,D_+experience,0.807892,0.776431,0.771425,0.830078,0.688742,0.554194,0.429051,0.407803,155
4,E_+responsibilities,0.811542,0.780316,0.770301,0.829759,0.701987,0.55287,0.424853,0.407708,155
4,F_final,0.805435,0.778421,0.770388,0.827923,0.688742,0.555519,0.442485,0.409168,155
