comparison,metric,mean_diff,std_diff,min_diff,max_diff,reps_positive,n_repetitions,ci95_low,ci95_high,ci_excludes_0,n_job_units
hybrid - semantic,ndcg@10,0.010383,0.007299,0.004828,0.022812,5,5,0.001662,0.019353,True,809
hybrid - semantic,ndcg@5,0.012597,0.008249,0.002884,0.024938,5,5,0.002468,0.023125,True,809
hybrid - semantic,mrr,0.017205,0.014057,0.003711,0.038639,5,5,0.000889,0.033766,True,788
hybrid - semantic,map,0.012192,0.008607,0.005924,0.027067,5,5,0.001096,0.023434,True,788
hybrid - tfidf,ndcg@10,0.023353,0.01889,-0.004477,0.045015,4,5,0.01198,0.034934,True,809
hybrid - tfidf,ndcg@5,0.028553,0.021948,0.005479,0.055179,5,5,0.01469,0.042378,True,809
hybrid - tfidf,mrr,0.034964,0.019744,0.007091,0.054534,5,5,0.014874,0.055131,True,788
hybrid - tfidf,map,0.033211,0.024241,0.005204,0.065052,5,5,0.017936,0.048003,True,788
semantic - tfidf,ndcg@10,0.012971,0.018553,-0.01052,0.040187,4,5,0.001641,0.024207,True,809
semantic - tfidf,ndcg@5,0.015956,0.021848,-0.006883,0.04714,4,5,0.002241,0.029333,True,809
semantic - tfidf,mrr,0.017759,0.021065,-0.004667,0.050823,4,5,-0.002557,0.038586,False,788
semantic - tfidf,map,0.021019,0.024828,-0.005854,0.058405,4,5,0.006157,0.035821,True,788
