model,metric,mean,std,min,max,n_repetitions
random,mrr,0.726512,0.007022,0.719359,0.737181,5
random,map,0.683794,0.007608,0.67279,0.693773,5
random,ndcg@5,0.707072,0.019686,0.674083,0.723485,5
random,ndcg@10,0.773181,0.007745,0.759451,0.777556,5
random,p@1,0.529783,0.009261,0.518241,0.542043,5
random,p@5,0.529415,0.009137,0.516858,0.538884,5
tfidf,mrr,0.788782,0.015172,0.772907,0.808087,5
tfidf,map,0.749868,0.020064,0.722875,0.773217,5
tfidf,ndcg@5,0.76039,0.01587,0.735065,0.775684,5
tfidf,ndcg@10,0.819195,0.012744,0.804452,0.8324,5
tfidf,p@1,0.637817,0.035441,0.594203,0.682119,5
tfidf,p@5,0.545892,0.007428,0.534259,0.554469,5
tfidf,accuracy,0.44012,0.020763,0.416457,0.459209,5
tfidf,macro_f1,0.405177,0.009795,0.396354,0.415826,5
semantic,mrr,0.806541,0.027441,0.780684,0.840861,5
semantic,map,0.770887,0.032324,0.737321,0.813556,5
semantic,ndcg@5,0.776347,0.033847,0.739749,0.822824,5
semantic,ndcg@10,0.832166,0.023807,0.811823,0.869661,5
semantic,p@1,0.678349,0.044721,0.630058,0.734568,5
semantic,p@5,0.549481,0.010728,0.539198,0.566063,5
semantic,accuracy,0.460654,0.020866,0.42953,0.481013,5
semantic,macro_f1,0.412157,0.014178,0.39678,0.4277,5
hybrid,mrr,0.823746,0.025373,0.794827,0.854573,5
hybrid,map,0.783079,0.028595,0.749484,0.820203,5
hybrid,ndcg@5,0.788944,0.034961,0.742633,0.830863,5
hybrid,ndcg@10,0.842549,0.021693,0.819246,0.874489,5
hybrid,p@1,0.702406,0.041235,0.644928,0.746914,5
hybrid,p@5,0.554154,0.008301,0.544136,0.566159,5
hybrid,accuracy,0.46442,0.020038,0.442485,0.487805,5
hybrid,macro_f1,0.406247,0.023428,0.378762,0.442798,5
